subj_idx,SubjectID,Group,stim,response,rt,Phase
0,P001,AgencyEMS,Right,1,0.810628,Baseline
0,P001,AgencyEMS,Left,1,0.590628,Baseline
0,P001,AgencyEMS,Left,1,0.605628,Baseline
0,P001,AgencyEMS,Right,1,0.530628,Baseline
0,P001,AgencyEMS,Right,1,0.575628,Baseline
0,P001,AgencyEMS,Right,1,0.700628,Baseline
0,P001,AgencyEMS,Right,1,0.535628,Baseline
0,P001,AgencyEMS,Right,1,0.560628,Baseline
0,P001,AgencyEMS,Right,0,0.935628,Baseline
0,P001,AgencyEMS,Left,0,0.450628,Baseline
0,P001,AgencyEMS,Left,1,0.820628,Baseline
0,P001,AgencyEMS,Left,1,0.790628,Baseline
0,P001,AgencyEMS,Left,1,0.5256280000000001,Baseline
0,P001,AgencyEMS,Right,1,0.490628,Baseline
0,P001,AgencyEMS,Right,1,0.495628,Baseline
0,P001,AgencyEMS,Right,1,0.565628,Baseline
0,P001,AgencyEMS,Right,1,0.6306280000000001,Baseline
0,P001,AgencyEMS,Left,1,0.6356280000000001,Baseline
0,P001,AgencyEMS,Right,1,0.500628,Baseline
0,P001,AgencyEMS,Right,1,0.980628,Baseline
0,P001,AgencyEMS,Right,1,0.470628,Baseline
0,P001,AgencyEMS,Left,1,0.7706280000000001,Baseline
0,P001,AgencyEMS,Right,1,0.550628,Baseline
0,P001,AgencyEMS,Right,1,0.7506280000000001,Baseline
0,P001,AgencyEMS,Left,1,0.785628,Baseline
0,P001,AgencyEMS,Right,0,0.7756280000000001,Baseline
0,P001,AgencyEMS,Right,1,0.605628,Baseline
0,P001,AgencyEMS,Left,1,0.565628,Baseline
0,P001,AgencyEMS,Left,1,0.6456280000000001,Baseline
0,P001,AgencyEMS,Right,1,0.575628,Baseline
0,P001,AgencyEMS,Left,1,0.488696,PostTest
0,P001,AgencyEMS,Left,1,0.818696,PostTest
0,P001,AgencyEMS,Right,1,0.888696,PostTest
0,P001,AgencyEMS,Right,0,0.5336960000000001,PostTest
0,P001,AgencyEMS,Left,1,0.9286960000000001,PostTest
0,P001,AgencyEMS,Left,1,0.953696,PostTest
0,P001,AgencyEMS,Left,1,0.6686960000000001,PostTest
0,P001,AgencyEMS,Left,1,0.38369600000000004,PostTest
0,P001,AgencyEMS,Right,1,0.698696,PostTest
0,P001,AgencyEMS,Right,1,0.833696,PostTest
0,P001,AgencyEMS,Right,0,0.6736960000000001,PostTest
0,P001,AgencyEMS,Right,1,0.878696,PostTest
0,P001,AgencyEMS,Left,0,0.708696,PostTest
0,P001,AgencyEMS,Left,1,0.733696,PostTest
0,P001,AgencyEMS,Left,1,0.723696,PostTest
0,P001,AgencyEMS,Left,1,0.7986960000000001,PostTest
0,P001,AgencyEMS,Right,1,0.428696,PostTest
0,P001,AgencyEMS,Left,1,0.5536960000000001,PostTest
0,P001,AgencyEMS,Right,1,0.5386960000000001,PostTest
0,P001,AgencyEMS,Left,1,0.6786960000000001,PostTest
0,P001,AgencyEMS,Left,1,0.938696,PostTest
0,P001,AgencyEMS,Right,1,0.878696,PostTest
0,P001,AgencyEMS,Right,1,0.573696,PostTest
0,P001,AgencyEMS,Left,1,0.6686960000000001,PostTest
0,P001,AgencyEMS,Right,1,0.428696,PostTest
0,P001,AgencyEMS,Left,1,0.413696,PostTest
0,P001,AgencyEMS,Left,1,0.418696,PostTest
0,P001,AgencyEMS,Right,1,0.813696,PostTest
0,P001,AgencyEMS,Left,1,0.583696,PostTest
0,P001,AgencyEMS,Left,1,0.703696,PostTest
0,P001,AgencyEMS,Right,1,0.46369600000000005,PostTest
0,P001,AgencyEMS,Left,1,0.588696,PostTest
0,P001,AgencyEMS,Right,1,0.418696,PostTest
0,P001,AgencyEMS,Right,1,0.618696,PostTest
0,P001,AgencyEMS,Left,1,0.623696,PostTest
1,P002,AgencyEMS,Left,1,0.793153,Baseline
1,P002,AgencyEMS,Right,1,0.6231530000000001,Baseline
1,P002,AgencyEMS,Left,1,0.658153,Baseline
1,P002,AgencyEMS,Left,1,0.918153,Baseline
1,P002,AgencyEMS,Left,1,0.698153,Baseline
1,P002,AgencyEMS,Right,1,0.45315300000000003,Baseline
1,P002,AgencyEMS,Left,1,0.663153,Baseline
1,P002,AgencyEMS,Left,1,0.858153,Baseline
1,P002,AgencyEMS,Left,1,0.598153,Baseline
1,P002,AgencyEMS,Left,1,0.663153,Baseline
1,P002,AgencyEMS,Left,1,0.778153,Baseline
1,P002,AgencyEMS,Right,1,0.938153,Baseline
1,P002,AgencyEMS,Right,0,0.658153,Baseline
1,P002,AgencyEMS,Right,1,0.6281530000000001,Baseline
1,P002,AgencyEMS,Left,1,0.553153,Baseline
1,P002,AgencyEMS,Right,1,0.588153,Baseline
1,P002,AgencyEMS,Left,1,0.588153,Baseline
1,P002,AgencyEMS,Left,1,0.7531530000000001,Baseline
1,P002,AgencyEMS,Right,1,0.9931530000000001,Baseline
1,P002,AgencyEMS,Left,1,0.538153,Baseline
1,P002,AgencyEMS,Right,1,0.653153,Baseline
1,P002,AgencyEMS,Right,1,0.513153,Baseline
1,P002,AgencyEMS,Left,1,0.508153,Baseline
1,P002,AgencyEMS,Left,1,0.523153,Baseline
1,P002,AgencyEMS,Left,1,0.533153,Baseline
1,P002,AgencyEMS,Left,1,0.883153,Baseline
1,P002,AgencyEMS,Right,1,0.46315300000000004,Baseline
1,P002,AgencyEMS,Right,1,0.563153,Baseline
1,P002,AgencyEMS,Right,1,0.6490560000000001,PostTest
1,P002,AgencyEMS,Right,0,0.504056,PostTest
1,P002,AgencyEMS,Left,1,0.984056,PostTest
1,P002,AgencyEMS,Right,1,0.5390560000000001,PostTest
1,P002,AgencyEMS,Left,1,0.374056,PostTest
1,P002,AgencyEMS,Right,1,0.6440560000000001,PostTest
1,P002,AgencyEMS,Right,1,0.7940560000000001,PostTest
1,P002,AgencyEMS,Left,1,0.704056,PostTest
1,P002,AgencyEMS,Left,0,0.7640560000000001,PostTest
1,P002,AgencyEMS,Left,1,0.734056,PostTest
1,P002,AgencyEMS,Left,1,0.814056,PostTest
1,P002,AgencyEMS,Right,1,0.424056,PostTest
1,P002,AgencyEMS,Right,1,0.929056,PostTest
1,P002,AgencyEMS,Left,0,0.854056,PostTest
1,P002,AgencyEMS,Right,1,0.419056,PostTest
1,P002,AgencyEMS,Right,1,0.384056,PostTest
1,P002,AgencyEMS,Left,1,0.6540560000000001,PostTest
1,P002,AgencyEMS,Left,1,0.6490560000000001,PostTest
1,P002,AgencyEMS,Right,1,0.8840560000000001,PostTest
1,P002,AgencyEMS,Right,1,0.46405599999999997,PostTest
1,P002,AgencyEMS,Left,1,0.344056,PostTest
1,P002,AgencyEMS,Left,1,0.584056,PostTest
1,P002,AgencyEMS,Right,1,0.619056,PostTest
1,P002,AgencyEMS,Right,1,0.449056,PostTest
1,P002,AgencyEMS,Right,1,0.439056,PostTest
1,P002,AgencyEMS,Right,1,0.604056,PostTest
1,P002,AgencyEMS,Right,0,0.6690560000000001,PostTest
1,P002,AgencyEMS,Left,1,0.474056,PostTest
1,P002,AgencyEMS,Left,1,0.874056,PostTest
1,P002,AgencyEMS,Right,1,0.579056,PostTest
1,P002,AgencyEMS,Right,1,0.39405599999999996,PostTest
1,P002,AgencyEMS,Left,1,0.5340560000000001,PostTest
1,P002,AgencyEMS,Left,1,0.589056,PostTest
1,P002,AgencyEMS,Left,1,0.609056,PostTest
1,P002,AgencyEMS,Left,1,0.374056,PostTest
2,P003,AgencyEMS,Right,1,0.92648,Baseline
2,P003,AgencyEMS,Left,1,0.75148,Baseline
2,P003,AgencyEMS,Right,1,0.82148,Baseline
2,P003,AgencyEMS,Left,1,0.89648,Baseline
2,P003,AgencyEMS,Right,0,0.64648,Baseline
2,P003,AgencyEMS,Left,1,0.6514800000000001,Baseline
2,P003,AgencyEMS,Left,1,0.72648,Baseline
2,P003,AgencyEMS,Right,1,0.57148,Baseline
2,P003,AgencyEMS,Right,0,0.56648,Baseline
2,P003,AgencyEMS,Left,1,0.61148,Baseline
2,P003,AgencyEMS,Left,1,0.75648,Baseline
2,P003,AgencyEMS,Left,1,0.7764800000000001,Baseline
2,P003,AgencyEMS,Left,1,0.6614800000000001,Baseline
2,P003,AgencyEMS,Left,1,0.83648,Baseline
2,P003,AgencyEMS,Left,1,0.62148,Baseline
2,P003,AgencyEMS,Right,1,0.42148,Baseline
2,P003,AgencyEMS,Left,1,0.76648,Baseline
2,P003,AgencyEMS,Right,1,0.45148,Baseline
2,P003,AgencyEMS,Right,1,0.6514800000000001,Baseline
2,P003,AgencyEMS,Left,1,0.48648,Baseline
2,P003,AgencyEMS,Right,1,0.46148,Baseline
2,P003,AgencyEMS,Right,1,0.47648,Baseline
2,P003,AgencyEMS,Left,1,0.75648,Baseline
2,P003,AgencyEMS,Right,1,0.57148,Baseline
2,P003,AgencyEMS,Right,1,0.73648,Baseline
2,P003,AgencyEMS,Right,1,0.61648,Baseline
2,P003,AgencyEMS,Left,1,0.81148,Baseline
2,P003,AgencyEMS,Left,1,0.56148,Baseline
2,P003,AgencyEMS,Right,1,0.44148000000000004,Baseline
2,P003,AgencyEMS,Left,1,0.58648,Baseline
2,P003,AgencyEMS,Right,1,0.49648000000000003,Baseline
2,P003,AgencyEMS,Left,1,0.57148,Baseline
2,P003,AgencyEMS,Right,1,0.41648,Baseline
2,P003,AgencyEMS,Left,1,0.819668,PostTest
2,P003,AgencyEMS,Right,1,0.359668,PostTest
2,P003,AgencyEMS,Right,1,0.379668,PostTest
2,P003,AgencyEMS,Right,1,0.369668,PostTest
2,P003,AgencyEMS,Left,0,0.619668,PostTest
2,P003,AgencyEMS,Left,1,0.424668,PostTest
2,P003,AgencyEMS,Right,1,0.719668,PostTest
2,P003,AgencyEMS,Left,1,0.424668,PostTest
2,P003,AgencyEMS,Right,1,0.754668,PostTest
2,P003,AgencyEMS,Right,1,0.40966800000000003,PostTest
2,P003,AgencyEMS,Right,1,0.464668,PostTest
2,P003,AgencyEMS,Right,1,0.589668,PostTest
2,P003,AgencyEMS,Left,1,0.644668,PostTest
2,P003,AgencyEMS,Right,1,0.849668,PostTest
2,P003,AgencyEMS,Right,1,0.919668,PostTest
2,P003,AgencyEMS,Right,1,0.479668,PostTest
2,P003,AgencyEMS,Left,1,0.394668,PostTest
2,P003,AgencyEMS,Right,1,0.484668,PostTest
2,P003,AgencyEMS,Right,1,0.649668,PostTest
2,P003,AgencyEMS,Right,1,0.954668,PostTest
2,P003,AgencyEMS,Right,1,0.559668,PostTest
2,P003,AgencyEMS,Right,1,0.429668,PostTest
2,P003,AgencyEMS,Right,1,0.399668,PostTest
2,P003,AgencyEMS,Right,1,0.579668,PostTest
2,P003,AgencyEMS,Right,1,0.384668,PostTest
2,P003,AgencyEMS,Right,1,0.714668,PostTest
2,P003,AgencyEMS,Left,1,0.449668,PostTest
2,P003,AgencyEMS,Right,1,0.364668,PostTest
2,P003,AgencyEMS,Right,1,0.424668,PostTest
2,P003,AgencyEMS,Left,1,0.479668,PostTest
2,P003,AgencyEMS,Right,1,0.459668,PostTest
2,P003,AgencyEMS,Right,1,0.404668,PostTest
2,P003,AgencyEMS,Left,1,0.359668,PostTest
2,P003,AgencyEMS,Right,1,0.579668,PostTest
2,P003,AgencyEMS,Left,1,0.584668,PostTest
2,P003,AgencyEMS,Right,1,0.649668,PostTest
2,P003,AgencyEMS,Left,1,0.6896680000000001,PostTest
3,P004,AgencyEMS,Left,1,0.595649,Baseline
3,P004,AgencyEMS,Right,1,0.765649,Baseline
3,P004,AgencyEMS,Left,1,0.575649,Baseline
3,P004,AgencyEMS,Left,1,0.930649,Baseline
3,P004,AgencyEMS,Left,1,0.730649,Baseline
3,P004,AgencyEMS,Left,1,0.790649,Baseline
3,P004,AgencyEMS,Right,1,0.445649,Baseline
3,P004,AgencyEMS,Left,1,0.780649,Baseline
3,P004,AgencyEMS,Right,1,0.505649,Baseline
3,P004,AgencyEMS,Right,1,0.780649,Baseline
3,P004,AgencyEMS,Left,1,0.485649,Baseline
3,P004,AgencyEMS,Left,1,0.685649,Baseline
3,P004,AgencyEMS,Left,1,0.620649,Baseline
3,P004,AgencyEMS,Left,1,0.945649,Baseline
3,P004,AgencyEMS,Left,1,0.875649,Baseline
3,P004,AgencyEMS,Right,1,0.510649,Baseline
3,P004,AgencyEMS,Left,1,0.620649,Baseline
3,P004,AgencyEMS,Left,1,0.470649,Baseline
3,P004,AgencyEMS,Right,1,0.565649,Baseline
3,P004,AgencyEMS,Left,1,0.770649,Baseline
3,P004,AgencyEMS,Right,1,0.565649,Baseline
3,P004,AgencyEMS,Right,1,0.630649,Baseline
3,P004,AgencyEMS,Left,1,0.680649,Baseline
3,P004,AgencyEMS,Right,1,0.720649,Baseline
3,P004,AgencyEMS,Left,1,0.440649,Baseline
3,P004,AgencyEMS,Left,1,0.505649,Baseline
3,P004,AgencyEMS,Left,1,0.725649,Baseline
3,P004,AgencyEMS,Left,1,0.620649,Baseline
3,P004,AgencyEMS,Right,1,0.475649,Baseline
3,P004,AgencyEMS,Left,1,0.555649,Baseline
3,P004,AgencyEMS,Right,1,0.510711,PostTest
3,P004,AgencyEMS,Right,1,0.715711,PostTest
3,P004,AgencyEMS,Left,0,0.600711,PostTest
3,P004,AgencyEMS,Left,1,0.885711,PostTest
3,P004,AgencyEMS,Right,1,0.880711,PostTest
3,P004,AgencyEMS,Right,1,0.480711,PostTest
3,P004,AgencyEMS,Right,1,0.595711,PostTest
3,P004,AgencyEMS,Left,1,0.815711,PostTest
3,P004,AgencyEMS,Right,1,0.45571100000000003,PostTest
3,P004,AgencyEMS,Left,1,0.485711,PostTest
3,P004,AgencyEMS,Left,1,0.740711,PostTest
3,P004,AgencyEMS,Left,1,0.45571100000000003,PostTest
3,P004,AgencyEMS,Right,1,0.645711,PostTest
3,P004,AgencyEMS,Right,1,0.625711,PostTest
3,P004,AgencyEMS,Right,1,0.610711,PostTest
3,P004,AgencyEMS,Right,1,0.730711,PostTest
3,P004,AgencyEMS,Right,1,0.940711,PostTest
3,P004,AgencyEMS,Right,1,0.695711,PostTest
3,P004,AgencyEMS,Left,1,0.605711,PostTest
3,P004,AgencyEMS,Right,1,0.40071100000000004,PostTest
3,P004,AgencyEMS,Left,1,0.485711,PostTest
3,P004,AgencyEMS,Right,1,0.525711,PostTest
3,P004,AgencyEMS,Left,1,0.8007110000000001,PostTest
3,P004,AgencyEMS,Left,1,0.39571100000000003,PostTest
3,P004,AgencyEMS,Right,1,0.665711,PostTest
3,P004,AgencyEMS,Right,1,0.885711,PostTest
3,P004,AgencyEMS,Right,1,0.640711,PostTest
3,P004,AgencyEMS,Left,1,0.600711,PostTest
3,P004,AgencyEMS,Left,1,0.635711,PostTest
3,P004,AgencyEMS,Left,1,0.405711,PostTest
3,P004,AgencyEMS,Left,1,0.445711,PostTest
3,P004,AgencyEMS,Left,1,0.540711,PostTest
3,P004,AgencyEMS,Right,1,0.595711,PostTest
3,P004,AgencyEMS,Right,1,0.645711,PostTest
3,P004,AgencyEMS,Left,1,0.475711,PostTest
3,P004,AgencyEMS,Right,1,0.9257110000000001,PostTest
3,P004,AgencyEMS,Left,1,0.39571100000000003,PostTest
4,P005,AgencyEMS,Right,1,0.548946,Baseline
4,P005,AgencyEMS,Left,1,0.608946,Baseline
4,P005,AgencyEMS,Right,1,0.543946,Baseline
4,P005,AgencyEMS,Right,1,0.768946,Baseline
4,P005,AgencyEMS,Left,1,0.678946,Baseline
4,P005,AgencyEMS,Right,1,0.9589460000000001,Baseline
4,P005,AgencyEMS,Left,1,0.49394600000000005,Baseline
4,P005,AgencyEMS,Left,1,0.8289460000000001,Baseline
4,P005,AgencyEMS,Right,1,0.8339460000000001,Baseline
4,P005,AgencyEMS,Right,1,0.773946,Baseline
4,P005,AgencyEMS,Right,1,0.778946,Baseline
4,P005,AgencyEMS,Left,0,0.888946,Baseline
4,P005,AgencyEMS,Right,1,0.9639460000000001,Baseline
4,P005,AgencyEMS,Left,1,0.673946,Baseline
4,P005,AgencyEMS,Left,0,0.898946,Baseline
4,P005,AgencyEMS,Left,1,0.453946,Baseline
4,P005,AgencyEMS,Right,1,0.553946,Baseline
4,P005,AgencyEMS,Left,1,0.558946,Baseline
4,P005,AgencyEMS,Right,1,0.613946,Baseline
4,P005,AgencyEMS,Left,1,0.903946,Baseline
4,P005,AgencyEMS,Left,1,0.988946,Baseline
4,P005,AgencyEMS,Left,1,0.443946,Baseline
4,P005,AgencyEMS,Right,1,0.593946,Baseline
4,P005,AgencyEMS,Left,1,0.908946,Baseline
4,P005,AgencyEMS,Right,1,0.458946,Baseline
4,P005,AgencyEMS,Left,1,0.553946,Baseline
4,P005,AgencyEMS,Left,1,0.453946,Baseline
4,P005,AgencyEMS,Right,0,0.733946,Baseline
4,P005,AgencyEMS,Right,0,0.858946,Baseline
4,P005,AgencyEMS,Left,1,0.648946,Baseline
4,P005,AgencyEMS,Left,1,0.453946,Baseline
4,P005,AgencyEMS,Right,1,0.653946,Baseline
4,P005,AgencyEMS,Left,1,0.48394600000000004,Baseline
4,P005,AgencyEMS,Left,1,0.5839460000000001,Baseline
4,P005,AgencyEMS,Right,1,0.7911900000000001,PostTest
4,P005,AgencyEMS,Right,1,0.41619,PostTest
4,P005,AgencyEMS,Right,1,0.49119,PostTest
4,P005,AgencyEMS,Right,1,0.5411900000000001,PostTest
4,P005,AgencyEMS,Right,1,0.73119,PostTest
4,P005,AgencyEMS,Right,1,0.6961900000000001,PostTest
4,P005,AgencyEMS,Right,1,0.63119,PostTest
4,P005,AgencyEMS,Right,1,0.40619,PostTest
4,P005,AgencyEMS,Left,1,0.5711900000000001,PostTest
4,P005,AgencyEMS,Right,1,0.52119,PostTest
4,P005,AgencyEMS,Left,1,0.43619,PostTest
4,P005,AgencyEMS,Right,0,0.5461900000000001,PostTest
4,P005,AgencyEMS,Left,1,0.6811900000000001,PostTest
4,P005,AgencyEMS,Left,1,0.5811900000000001,PostTest
4,P005,AgencyEMS,Right,1,0.5761900000000001,PostTest
4,P005,AgencyEMS,Left,1,0.5461900000000001,PostTest
4,P005,AgencyEMS,Left,1,0.7211900000000001,PostTest
4,P005,AgencyEMS,Left,1,0.39119,PostTest
4,P005,AgencyEMS,Right,1,0.76119,PostTest
4,P005,AgencyEMS,Left,1,0.60119,PostTest
4,P005,AgencyEMS,Right,0,0.8011900000000001,PostTest
4,P005,AgencyEMS,Left,1,0.61119,PostTest
4,P005,AgencyEMS,Right,1,0.5411900000000001,PostTest
4,P005,AgencyEMS,Left,1,0.43619,PostTest
4,P005,AgencyEMS,Left,1,0.47119,PostTest
4,P005,AgencyEMS,Right,1,0.48119,PostTest
4,P005,AgencyEMS,Left,1,0.43119,PostTest
4,P005,AgencyEMS,Left,1,0.9411900000000001,PostTest
4,P005,AgencyEMS,Left,1,0.86119,PostTest
4,P005,AgencyEMS,Left,1,0.7161900000000001,PostTest
4,P005,AgencyEMS,Left,1,0.5661900000000001,PostTest
4,P005,AgencyEMS,Left,1,0.89619,PostTest
5,P006,AgencyEMS,Right,1,0.7432559999999999,Baseline
5,P006,AgencyEMS,Right,1,0.8882559999999999,Baseline
5,P006,AgencyEMS,Left,1,0.808256,Baseline
5,P006,AgencyEMS,Right,1,0.578256,Baseline
5,P006,AgencyEMS,Left,1,0.533256,Baseline
5,P006,AgencyEMS,Right,1,0.7732559999999999,Baseline
5,P006,AgencyEMS,Right,1,0.778256,Baseline
5,P006,AgencyEMS,Left,1,0.5232559999999999,Baseline
5,P006,AgencyEMS,Right,1,0.543256,Baseline
5,P006,AgencyEMS,Right,1,0.548256,Baseline
5,P006,AgencyEMS,Left,0,0.528256,Baseline
5,P006,AgencyEMS,Left,1,0.778256,Baseline
5,P006,AgencyEMS,Right,1,0.42825599999999997,Baseline
5,P006,AgencyEMS,Right,1,0.458256,Baseline
5,P006,AgencyEMS,Left,1,0.48325599999999996,Baseline
5,P006,AgencyEMS,Left,1,0.533256,Baseline
5,P006,AgencyEMS,Right,1,0.5032559999999999,Baseline
5,P006,AgencyEMS,Right,1,0.818256,Baseline
5,P006,AgencyEMS,Right,1,0.498256,Baseline
5,P006,AgencyEMS,Left,1,0.603256,Baseline
5,P006,AgencyEMS,Right,1,0.398256,Baseline
5,P006,AgencyEMS,Left,1,0.568256,Baseline
5,P006,AgencyEMS,Right,1,0.458256,Baseline
5,P006,AgencyEMS,Left,1,0.663256,Baseline
5,P006,AgencyEMS,Left,1,0.733256,Baseline
5,P006,AgencyEMS,Right,1,0.858256,Baseline
5,P006,AgencyEMS,Left,0,0.598256,Baseline
5,P006,AgencyEMS,Left,1,0.733256,Baseline
5,P006,AgencyEMS,Right,1,0.833256,Baseline
5,P006,AgencyEMS,Left,1,0.6282559999999999,Baseline
5,P006,AgencyEMS,Left,0,0.5791810000000001,PostTest
5,P006,AgencyEMS,Right,1,0.564181,PostTest
5,P006,AgencyEMS,Left,1,0.549181,PostTest
5,P006,AgencyEMS,Left,1,0.394181,PostTest
5,P006,AgencyEMS,Left,0,0.494181,PostTest
5,P006,AgencyEMS,Right,1,0.434181,PostTest
5,P006,AgencyEMS,Left,1,0.659181,PostTest
5,P006,AgencyEMS,Right,1,0.949181,PostTest
5,P006,AgencyEMS,Right,1,0.9791810000000001,PostTest
5,P006,AgencyEMS,Left,0,0.484181,PostTest
5,P006,AgencyEMS,Left,1,0.379181,PostTest
5,P006,AgencyEMS,Right,1,0.444181,PostTest
5,P006,AgencyEMS,Right,1,0.514181,PostTest
5,P006,AgencyEMS,Right,1,0.634181,PostTest
5,P006,AgencyEMS,Left,1,0.6191810000000001,PostTest
5,P006,AgencyEMS,Left,1,0.444181,PostTest
5,P006,AgencyEMS,Left,1,0.9541810000000001,PostTest
5,P006,AgencyEMS,Left,1,0.554181,PostTest
5,P006,AgencyEMS,Right,1,0.669181,PostTest
5,P006,AgencyEMS,Left,0,0.564181,PostTest
5,P006,AgencyEMS,Right,0,0.924181,PostTest
5,P006,AgencyEMS,Left,1,0.444181,PostTest
5,P006,AgencyEMS,Right,1,0.899181,PostTest
5,P006,AgencyEMS,Right,1,0.549181,PostTest
5,P006,AgencyEMS,Right,1,0.40918099999999996,PostTest
5,P006,AgencyEMS,Right,1,0.459181,PostTest
5,P006,AgencyEMS,Right,1,0.519181,PostTest
5,P006,AgencyEMS,Right,0,0.41918099999999997,PostTest
5,P006,AgencyEMS,Right,1,0.439181,PostTest
5,P006,AgencyEMS,Left,1,0.779181,PostTest
5,P006,AgencyEMS,Right,1,0.789181,PostTest
5,P006,AgencyEMS,Right,1,0.8591810000000001,PostTest
6,P007,AgencyEMS,Left,1,0.866425,Baseline
6,P007,AgencyEMS,Right,1,0.5164249999999999,Baseline
6,P007,AgencyEMS,Right,1,0.6614249999999999,Baseline
6,P007,AgencyEMS,Right,1,0.6464249999999999,Baseline
6,P007,AgencyEMS,Left,1,0.861425,Baseline
6,P007,AgencyEMS,Left,1,0.7664249999999999,Baseline
6,P007,AgencyEMS,Right,1,0.716425,Baseline
6,P007,AgencyEMS,Left,1,0.571425,Baseline
6,P007,AgencyEMS,Left,1,0.731425,Baseline
6,P007,AgencyEMS,Right,1,0.731425,Baseline
6,P007,AgencyEMS,Left,1,0.831425,Baseline
6,P007,AgencyEMS,Right,1,0.576425,Baseline
6,P007,AgencyEMS,Left,1,0.861425,Baseline
6,P007,AgencyEMS,Right,1,0.496425,Baseline
6,P007,AgencyEMS,Right,0,0.8014249999999999,Baseline
6,P007,AgencyEMS,Left,1,0.436425,Baseline
6,P007,AgencyEMS,Right,1,0.6764249999999999,Baseline
6,P007,AgencyEMS,Left,1,0.511425,Baseline
6,P007,AgencyEMS,Left,1,0.841425,Baseline
6,P007,AgencyEMS,Right,1,0.47142500000000004,Baseline
6,P007,AgencyEMS,Left,1,0.6514249999999999,Baseline
6,P007,AgencyEMS,Left,1,0.451425,Baseline
6,P007,AgencyEMS,Right,1,0.996425,Baseline
6,P007,AgencyEMS,Left,1,0.591425,Baseline
6,P007,AgencyEMS,Right,1,0.7914249999999999,Baseline
6,P007,AgencyEMS,Left,1,0.591425,Baseline
6,P007,AgencyEMS,Right,1,0.6764249999999999,Baseline
6,P007,AgencyEMS,Left,1,0.456425,Baseline
6,P007,AgencyEMS,Left,1,0.5314249999999999,Baseline
6,P007,AgencyEMS,Right,1,0.746425,Baseline
6,P007,AgencyEMS,Left,0,0.43045999999999995,PostTest
6,P007,AgencyEMS,Left,1,0.42046,PostTest
6,P007,AgencyEMS,Left,1,0.39546,PostTest
6,P007,AgencyEMS,Left,1,0.62546,PostTest
6,P007,AgencyEMS,Right,1,0.45546,PostTest
6,P007,AgencyEMS,Right,1,0.51046,PostTest
6,P007,AgencyEMS,Left,1,0.37545999999999996,PostTest
6,P007,AgencyEMS,Left,0,0.7104600000000001,PostTest
6,P007,AgencyEMS,Right,1,0.5554600000000001,PostTest
6,P007,AgencyEMS,Right,1,0.44045999999999996,PostTest
6,P007,AgencyEMS,Left,1,0.73046,PostTest
6,P007,AgencyEMS,Left,1,0.45546,PostTest
6,P007,AgencyEMS,Left,1,0.42046,PostTest
6,P007,AgencyEMS,Right,1,0.5454600000000001,PostTest
6,P007,AgencyEMS,Right,1,0.50546,PostTest
6,P007,AgencyEMS,Left,0,0.61046,PostTest
6,P007,AgencyEMS,Left,0,0.77546,PostTest
6,P007,AgencyEMS,Right,1,0.49545999999999996,PostTest
6,P007,AgencyEMS,Right,1,0.49545999999999996,PostTest
6,P007,AgencyEMS,Right,1,0.99546,PostTest
6,P007,AgencyEMS,Right,1,0.5704600000000001,PostTest
6,P007,AgencyEMS,Right,0,0.43545999999999996,PostTest
6,P007,AgencyEMS,Right,1,0.64046,PostTest
6,P007,AgencyEMS,Right,1,0.63046,PostTest
6,P007,AgencyEMS,Right,1,0.86046,PostTest
6,P007,AgencyEMS,Left,1,0.78546,PostTest
6,P007,AgencyEMS,Left,1,0.51546,PostTest
6,P007,AgencyEMS,Right,1,0.37045999999999996,PostTest
6,P007,AgencyEMS,Left,1,0.9554600000000001,PostTest
6,P007,AgencyEMS,Right,1,0.63046,PostTest
6,P007,AgencyEMS,Right,1,0.39546,PostTest
6,P007,AgencyEMS,Right,0,0.53546,PostTest
6,P007,AgencyEMS,Right,1,0.6754600000000001,PostTest
6,P007,AgencyEMS,Right,1,0.53046,PostTest
7,P008,AgencyEMS,Right,1,0.507137,Baseline
7,P008,AgencyEMS,Left,0,0.762137,Baseline
7,P008,AgencyEMS,Left,1,0.672137,Baseline
7,P008,AgencyEMS,Right,1,0.7021369999999999,Baseline
7,P008,AgencyEMS,Right,1,0.9471369999999999,Baseline
7,P008,AgencyEMS,Left,1,0.882137,Baseline
7,P008,AgencyEMS,Left,1,0.882137,Baseline
7,P008,AgencyEMS,Left,0,0.762137,Baseline
7,P008,AgencyEMS,Right,1,0.532137,Baseline
7,P008,AgencyEMS,Left,0,0.5921369999999999,Baseline
7,P008,AgencyEMS,Left,1,0.7021369999999999,Baseline
7,P008,AgencyEMS,Left,1,0.412137,Baseline
7,P008,AgencyEMS,Left,1,0.802137,Baseline
7,P008,AgencyEMS,Left,1,0.892137,Baseline
7,P008,AgencyEMS,Left,1,0.637137,Baseline
7,P008,AgencyEMS,Left,1,0.427137,Baseline
7,P008,AgencyEMS,Left,1,0.497137,Baseline
7,P008,AgencyEMS,Right,1,0.532137,Baseline
7,P008,AgencyEMS,Right,1,0.652137,Baseline
7,P008,AgencyEMS,Right,1,0.677137,Baseline
7,P008,AgencyEMS,Left,1,0.512137,Baseline
7,P008,AgencyEMS,Right,1,0.7371369999999999,Baseline
7,P008,AgencyEMS,Left,1,0.677137,Baseline
7,P008,AgencyEMS,Right,1,0.7371369999999999,Baseline
7,P008,AgencyEMS,Left,1,0.5021370000000001,Baseline
7,P008,AgencyEMS,Right,1,0.9821369999999999,Baseline
7,P008,AgencyEMS,Left,1,0.6021369999999999,Baseline
7,P008,AgencyEMS,Left,1,0.9871369999999999,Baseline
7,P008,AgencyEMS,Right,1,0.6021369999999999,Baseline
7,P008,AgencyEMS,Left,1,0.8671369999999999,Baseline
7,P008,AgencyEMS,Left,1,0.618486,PostTest
7,P008,AgencyEMS,Left,1,0.913486,PostTest
7,P008,AgencyEMS,Right,1,0.443486,PostTest
7,P008,AgencyEMS,Right,1,0.448486,PostTest
7,P008,AgencyEMS,Left,1,0.583486,PostTest
7,P008,AgencyEMS,Left,1,0.643486,PostTest
7,P008,AgencyEMS,Right,1,0.733486,PostTest
7,P008,AgencyEMS,Right,1,0.763486,PostTest
7,P008,AgencyEMS,Right,1,0.408486,PostTest
7,P008,AgencyEMS,Left,1,0.613486,PostTest
7,P008,AgencyEMS,Right,1,0.648486,PostTest
7,P008,AgencyEMS,Right,0,0.643486,PostTest
7,P008,AgencyEMS,Left,1,0.528486,PostTest
7,P008,AgencyEMS,Right,1,0.978486,PostTest
7,P008,AgencyEMS,Left,1,0.513486,PostTest
7,P008,AgencyEMS,Right,1,0.538486,PostTest
7,P008,AgencyEMS,Right,0,0.853486,PostTest
7,P008,AgencyEMS,Left,1,0.918486,PostTest
7,P008,AgencyEMS,Right,1,0.433486,PostTest
7,P008,AgencyEMS,Right,1,0.968486,PostTest
7,P008,AgencyEMS,Left,0,0.398486,PostTest
7,P008,AgencyEMS,Right,0,0.5734859999999999,PostTest
7,P008,AgencyEMS,Right,1,0.708486,PostTest
7,P008,AgencyEMS,Right,1,0.393486,PostTest
7,P008,AgencyEMS,Right,1,0.683486,PostTest
7,P008,AgencyEMS,Left,1,0.838486,PostTest
7,P008,AgencyEMS,Left,1,0.668486,PostTest
7,P008,AgencyEMS,Left,1,0.803486,PostTest
7,P008,AgencyEMS,Left,1,0.6984859999999999,PostTest
7,P008,AgencyEMS,Left,1,0.678486,PostTest
7,P008,AgencyEMS,Right,1,0.408486,PostTest
7,P008,AgencyEMS,Left,1,0.41348599999999996,PostTest
7,P008,AgencyEMS,Right,1,0.438486,PostTest
7,P008,AgencyEMS,Left,1,0.973486,PostTest
7,P008,AgencyEMS,Left,1,0.5734859999999999,PostTest
8,P009,AgencyEMS,Left,1,0.90635,Baseline
8,P009,AgencyEMS,Left,0,0.58135,Baseline
8,P009,AgencyEMS,Left,1,0.70135,Baseline
8,P009,AgencyEMS,Left,1,0.96135,Baseline
8,P009,AgencyEMS,Right,1,0.66635,Baseline
8,P009,AgencyEMS,Left,1,0.79135,Baseline
8,P009,AgencyEMS,Right,1,0.63635,Baseline
8,P009,AgencyEMS,Left,1,0.69635,Baseline
8,P009,AgencyEMS,Right,0,0.54135,Baseline
8,P009,AgencyEMS,Right,1,0.6213500000000001,Baseline
8,P009,AgencyEMS,Right,1,0.58135,Baseline
8,P009,AgencyEMS,Left,1,0.6313500000000001,Baseline
8,P009,AgencyEMS,Left,1,0.82135,Baseline
8,P009,AgencyEMS,Right,1,0.42135,Baseline
8,P009,AgencyEMS,Left,1,0.59635,Baseline
8,P009,AgencyEMS,Left,1,0.6063500000000001,Baseline
8,P009,AgencyEMS,Left,1,0.47635,Baseline
8,P009,AgencyEMS,Right,1,0.59635,Baseline
8,P009,AgencyEMS,Left,1,0.79635,Baseline
8,P009,AgencyEMS,Right,1,0.8763500000000001,Baseline
8,P009,AgencyEMS,Right,1,0.57635,Baseline
8,P009,AgencyEMS,Right,1,0.71135,Baseline
8,P009,AgencyEMS,Right,1,0.71635,Baseline
8,P009,AgencyEMS,Left,1,0.77135,Baseline
8,P009,AgencyEMS,Left,1,0.69635,Baseline
8,P009,AgencyEMS,Right,1,0.82135,Baseline
8,P009,AgencyEMS,Left,1,0.68135,Baseline
8,P009,AgencyEMS,Left,1,0.94635,Baseline
8,P009,AgencyEMS,Right,1,0.7563500000000001,Baseline
8,P009,AgencyEMS,Right,1,0.56635,Baseline
8,P009,AgencyEMS,Right,1,0.7513500000000001,Baseline
8,P009,AgencyEMS,Left,1,0.63635,Baseline
8,P009,AgencyEMS,Left,1,0.43135,Baseline
8,P009,AgencyEMS,Left,0,0.658886,PostTest
8,P009,AgencyEMS,Right,1,0.453886,PostTest
8,P009,AgencyEMS,Right,1,0.788886,PostTest
8,P009,AgencyEMS,Right,1,0.648886,PostTest
8,P009,AgencyEMS,Left,1,0.648886,PostTest
8,P009,AgencyEMS,Left,0,0.828886,PostTest
8,P009,AgencyEMS,Left,1,0.9838859999999999,PostTest
8,P009,AgencyEMS,Left,1,0.638886,PostTest
8,P009,AgencyEMS,Right,1,0.518886,PostTest
8,P009,AgencyEMS,Left,1,0.48388600000000004,PostTest
8,P009,AgencyEMS,Right,0,0.548886,PostTest
8,P009,AgencyEMS,Left,1,0.538886,PostTest
8,P009,AgencyEMS,Left,1,0.893886,PostTest
8,P009,AgencyEMS,Left,1,0.818886,PostTest
8,P009,AgencyEMS,Left,1,0.898886,PostTest
8,P009,AgencyEMS,Left,1,0.48388600000000004,PostTest
8,P009,AgencyEMS,Right,1,0.5038860000000001,PostTest
8,P009,AgencyEMS,Left,1,0.378886,PostTest
8,P009,AgencyEMS,Left,1,0.463886,PostTest
8,P009,AgencyEMS,Left,1,0.513886,PostTest
8,P009,AgencyEMS,Left,1,0.42888600000000004,PostTest
8,P009,AgencyEMS,Right,1,0.513886,PostTest
8,P009,AgencyEMS,Left,1,0.663886,PostTest
8,P009,AgencyEMS,Right,1,0.9688859999999999,PostTest
8,P009,AgencyEMS,Right,1,0.43388600000000005,PostTest
8,P009,AgencyEMS,Left,1,0.48888600000000004,PostTest
8,P009,AgencyEMS,Left,1,0.5988859999999999,PostTest
8,P009,AgencyEMS,Right,1,0.49888600000000005,PostTest
8,P009,AgencyEMS,Left,1,0.378886,PostTest
8,P009,AgencyEMS,Right,1,0.378886,PostTest
8,P009,AgencyEMS,Right,1,0.523886,PostTest
8,P009,AgencyEMS,Left,1,0.458886,PostTest
8,P009,AgencyEMS,Right,1,0.533886,PostTest
8,P009,AgencyEMS,Left,1,0.49888600000000005,PostTest
9,P010,AgencyEMS,Left,1,0.718526,Baseline
9,P010,AgencyEMS,Right,1,0.438526,Baseline
9,P010,AgencyEMS,Left,1,0.5135259999999999,Baseline
9,P010,AgencyEMS,Left,1,0.718526,Baseline
9,P010,AgencyEMS,Right,1,0.6135259999999999,Baseline
9,P010,AgencyEMS,Left,1,0.833526,Baseline
9,P010,AgencyEMS,Left,1,0.6185259999999999,Baseline
9,P010,AgencyEMS,Left,1,0.558526,Baseline
9,P010,AgencyEMS,Left,1,0.478526,Baseline
9,P010,AgencyEMS,Right,1,0.718526,Baseline
9,P010,AgencyEMS,Right,1,0.6185259999999999,Baseline
9,P010,AgencyEMS,Right,1,0.468526,Baseline
9,P010,AgencyEMS,Left,1,0.503526,Baseline
9,P010,AgencyEMS,Right,1,0.668526,Baseline
9,P010,AgencyEMS,Right,1,0.7735259999999999,Baseline
9,P010,AgencyEMS,Right,1,0.7485259999999999,Baseline
9,P010,AgencyEMS,Right,0,0.543526,Baseline
9,P010,AgencyEMS,Right,1,0.913526,Baseline
9,P010,AgencyEMS,Left,1,0.5235259999999999,Baseline
9,P010,AgencyEMS,Left,0,0.418526,Baseline
9,P010,AgencyEMS,Right,1,0.598526,Baseline
9,P010,AgencyEMS,Right,1,0.573526,Baseline
9,P010,AgencyEMS,Left,1,0.7385259999999999,Baseline
9,P010,AgencyEMS,Left,1,0.948526,Baseline
9,P010,AgencyEMS,Left,1,0.823526,Baseline
9,P010,AgencyEMS,Left,1,0.548526,Baseline
9,P010,AgencyEMS,Left,1,0.488526,Baseline
9,P010,AgencyEMS,Left,1,0.958526,Baseline
9,P010,AgencyEMS,Left,1,0.663526,Baseline
9,P010,AgencyEMS,Right,1,0.8635259999999999,Baseline
9,P010,AgencyEMS,Left,1,0.673526,Baseline
9,P010,AgencyEMS,Left,1,0.497328,PostTest
9,P010,AgencyEMS,Left,1,0.602328,PostTest
9,P010,AgencyEMS,Right,1,0.877328,PostTest
9,P010,AgencyEMS,Left,1,0.46232799999999996,PostTest
9,P010,AgencyEMS,Right,1,0.6923279999999999,PostTest
9,P010,AgencyEMS,Right,1,0.592328,PostTest
9,P010,AgencyEMS,Left,1,0.40232799999999996,PostTest
9,P010,AgencyEMS,Right,1,0.6723279999999999,PostTest
9,P010,AgencyEMS,Right,1,0.5523279999999999,PostTest
9,P010,AgencyEMS,Left,1,0.442328,PostTest
9,P010,AgencyEMS,Right,1,0.707328,PostTest
9,P010,AgencyEMS,Left,1,0.822328,PostTest
9,P010,AgencyEMS,Left,1,0.777328,PostTest
9,P010,AgencyEMS,Left,1,0.45232799999999995,PostTest
9,P010,AgencyEMS,Right,1,0.412328,PostTest
9,P010,AgencyEMS,Left,1,0.492328,PostTest
9,P010,AgencyEMS,Right,1,0.437328,PostTest
9,P010,AgencyEMS,Right,1,0.592328,PostTest
9,P010,AgencyEMS,Right,1,0.647328,PostTest
9,P010,AgencyEMS,Left,1,0.492328,PostTest
9,P010,AgencyEMS,Right,1,0.45232799999999995,PostTest
9,P010,AgencyEMS,Right,1,0.607328,PostTest
9,P010,AgencyEMS,Left,1,0.40732799999999997,PostTest
9,P010,AgencyEMS,Right,0,0.972328,PostTest
9,P010,AgencyEMS,Left,1,0.517328,PostTest
9,P010,AgencyEMS,Right,1,0.512328,PostTest
9,P010,AgencyEMS,Right,1,0.527328,PostTest
9,P010,AgencyEMS,Left,1,0.827328,PostTest
9,P010,AgencyEMS,Left,1,0.732328,PostTest
9,P010,AgencyEMS,Left,1,0.5673279999999999,PostTest
9,P010,AgencyEMS,Left,0,0.6923279999999999,PostTest
9,P010,AgencyEMS,Right,1,0.842328,PostTest
9,P010,AgencyEMS,Right,1,0.857328,PostTest
9,P010,AgencyEMS,Right,1,0.597328,PostTest
10,P011,Voluntary,Right,1,0.745326,Baseline
10,P011,Voluntary,Right,1,0.660326,Baseline
10,P011,Voluntary,Left,1,0.740326,Baseline
10,P011,Voluntary,Left,1,0.540326,Baseline
10,P011,Voluntary,Left,1,0.910326,Baseline
10,P011,Voluntary,Left,1,0.935326,Baseline
10,P011,Voluntary,Right,1,0.575326,Baseline
10,P011,Voluntary,Left,0,0.605326,Baseline
10,P011,Voluntary,Right,1,0.865326,Baseline
10,P011,Voluntary,Left,0,0.550326,Baseline
10,P011,Voluntary,Right,1,0.7603260000000001,Baseline
10,P011,Voluntary,Right,1,0.6503260000000001,Baseline
10,P011,Voluntary,Right,1,0.565326,Baseline
10,P011,Voluntary,Left,1,0.710326,Baseline
10,P011,Voluntary,Left,1,0.8953260000000001,Baseline
10,P011,Voluntary,Left,0,0.6453260000000001,Baseline
10,P011,Voluntary,Right,1,0.845326,Baseline
10,P011,Voluntary,Left,0,0.625326,Baseline
10,P011,Voluntary,Left,1,0.725326,Baseline
10,P011,Voluntary,Left,1,0.605326,Baseline
10,P011,Voluntary,Left,1,0.615326,Baseline
10,P011,Voluntary,Left,1,0.630326,Baseline
10,P011,Voluntary,Right,1,0.925326,Baseline
10,P011,Voluntary,Left,1,0.5303260000000001,Baseline
10,P011,Voluntary,Right,1,0.670326,Baseline
10,P011,Voluntary,Left,1,0.49532600000000004,Baseline
10,P011,Voluntary,Right,1,0.615326,Baseline
10,P011,Voluntary,Left,1,0.725326,Baseline
10,P011,Voluntary,Left,1,0.969489,PostTest
10,P011,Voluntary,Right,1,0.7394890000000001,PostTest
10,P011,Voluntary,Right,1,0.564489,PostTest
10,P011,Voluntary,Left,1,0.789489,PostTest
10,P011,Voluntary,Right,1,0.704489,PostTest
10,P011,Voluntary,Right,1,0.9944890000000001,PostTest
10,P011,Voluntary,Left,1,0.484489,PostTest
10,P011,Voluntary,Right,1,0.524489,PostTest
10,P011,Voluntary,Right,1,0.544489,PostTest
10,P011,Voluntary,Left,1,0.769489,PostTest
10,P011,Voluntary,Left,1,0.594489,PostTest
10,P011,Voluntary,Right,1,0.48948899999999995,PostTest
10,P011,Voluntary,Left,1,0.564489,PostTest
10,P011,Voluntary,Right,1,0.419489,PostTest
10,P011,Voluntary,Right,1,0.594489,PostTest
10,P011,Voluntary,Left,1,0.8844890000000001,PostTest
10,P011,Voluntary,Left,1,0.839489,PostTest
10,P011,Voluntary,Right,1,0.604489,PostTest
10,P011,Voluntary,Right,1,0.524489,PostTest
10,P011,Voluntary,Left,1,0.774489,PostTest
10,P011,Voluntary,Left,1,0.48948899999999995,PostTest
10,P011,Voluntary,Left,1,0.6144890000000001,PostTest
10,P011,Voluntary,Right,1,0.579489,PostTest
10,P011,Voluntary,Right,1,0.479489,PostTest
10,P011,Voluntary,Left,1,0.784489,PostTest
10,P011,Voluntary,Right,1,0.599489,PostTest
10,P011,Voluntary,Right,1,0.469489,PostTest
10,P011,Voluntary,Left,1,0.464489,PostTest
10,P011,Voluntary,Right,1,0.6094890000000001,PostTest
10,P011,Voluntary,Left,1,0.589489,PostTest
10,P011,Voluntary,Right,1,0.454489,PostTest
11,P012,Voluntary,Right,1,0.461997,Baseline
11,P012,Voluntary,Left,0,0.491997,Baseline
11,P012,Voluntary,Right,1,0.726997,Baseline
11,P012,Voluntary,Left,0,0.571997,Baseline
11,P012,Voluntary,Left,0,0.551997,Baseline
11,P012,Voluntary,Left,0,0.9019969999999999,Baseline
11,P012,Voluntary,Right,1,0.601997,Baseline
11,P012,Voluntary,Left,1,0.7519969999999999,Baseline
11,P012,Voluntary,Left,0,0.471997,Baseline
11,P012,Voluntary,Left,1,0.566997,Baseline
11,P012,Voluntary,Right,1,0.691997,Baseline
11,P012,Voluntary,Left,0,0.44699700000000003,Baseline
11,P012,Voluntary,Left,1,0.6319969999999999,Baseline
11,P012,Voluntary,Right,1,0.456997,Baseline
11,P012,Voluntary,Right,1,0.45199700000000004,Baseline
11,P012,Voluntary,Right,1,0.951997,Baseline
11,P012,Voluntary,Right,1,0.481997,Baseline
11,P012,Voluntary,Right,1,0.466997,Baseline
11,P012,Voluntary,Left,1,0.9869969999999999,Baseline
11,P012,Voluntary,Right,1,0.686997,Baseline
11,P012,Voluntary,Right,1,0.841997,Baseline
11,P012,Voluntary,Left,1,0.556997,Baseline
11,P012,Voluntary,Left,1,0.506997,Baseline
11,P012,Voluntary,Left,1,0.471997,Baseline
11,P012,Voluntary,Left,1,0.6369969999999999,Baseline
11,P012,Voluntary,Left,1,0.421997,Baseline
11,P012,Voluntary,Right,1,0.561997,Baseline
11,P012,Voluntary,Left,1,0.821997,Baseline
11,P012,Voluntary,Left,1,0.936997,Baseline
11,P012,Voluntary,Left,0,0.5219969999999999,Baseline
11,P012,Voluntary,Left,0,0.463469,PostTest
11,P012,Voluntary,Right,1,0.6634690000000001,PostTest
11,P012,Voluntary,Right,1,0.493469,PostTest
11,P012,Voluntary,Right,1,0.6834690000000001,PostTest
11,P012,Voluntary,Right,1,0.6834690000000001,PostTest
11,P012,Voluntary,Right,1,0.603469,PostTest
11,P012,Voluntary,Right,1,0.498469,PostTest
11,P012,Voluntary,Right,1,0.8034690000000001,PostTest
11,P012,Voluntary,Right,1,0.448469,PostTest
11,P012,Voluntary,Left,1,0.973469,PostTest
11,P012,Voluntary,Left,0,0.598469,PostTest
11,P012,Voluntary,Left,1,0.493469,PostTest
11,P012,Voluntary,Left,1,0.6384690000000001,PostTest
11,P012,Voluntary,Right,1,0.6784690000000001,PostTest
11,P012,Voluntary,Left,1,0.433469,PostTest
11,P012,Voluntary,Right,1,0.5284690000000001,PostTest
11,P012,Voluntary,Right,1,0.718469,PostTest
11,P012,Voluntary,Left,1,0.723469,PostTest
11,P012,Voluntary,Right,1,0.7984690000000001,PostTest
11,P012,Voluntary,Left,1,0.608469,PostTest
11,P012,Voluntary,Left,1,0.5584690000000001,PostTest
11,P012,Voluntary,Right,1,0.813469,PostTest
11,P012,Voluntary,Right,1,0.693469,PostTest
11,P012,Voluntary,Left,1,0.398469,PostTest
11,P012,Voluntary,Left,1,0.963469,PostTest
11,P012,Voluntary,Right,1,0.6684690000000001,PostTest
11,P012,Voluntary,Right,1,0.5034689999999999,PostTest
11,P012,Voluntary,Left,1,0.6484690000000001,PostTest
11,P012,Voluntary,Left,1,0.8934690000000001,PostTest
11,P012,Voluntary,Left,1,0.563469,PostTest
11,P012,Voluntary,Right,1,0.728469,PostTest
11,P012,Voluntary,Left,1,0.823469,PostTest
11,P012,Voluntary,Left,1,0.603469,PostTest
11,P012,Voluntary,Left,1,0.718469,PostTest
11,P012,Voluntary,Right,1,0.398469,PostTest
11,P012,Voluntary,Left,1,0.398469,PostTest
12,P013,Voluntary,Right,1,0.88061,Baseline
12,P013,Voluntary,Right,1,0.80061,Baseline
12,P013,Voluntary,Right,1,0.66561,Baseline
12,P013,Voluntary,Left,1,0.58061,Baseline
12,P013,Voluntary,Left,0,0.7006100000000001,Baseline
12,P013,Voluntary,Left,1,0.74061,Baseline
12,P013,Voluntary,Left,0,0.68561,Baseline
12,P013,Voluntary,Right,1,0.49061,Baseline
12,P013,Voluntary,Right,1,0.60561,Baseline
12,P013,Voluntary,Right,1,0.64061,Baseline
12,P013,Voluntary,Left,1,0.63061,Baseline
12,P013,Voluntary,Left,1,0.60061,Baseline
12,P013,Voluntary,Right,1,0.96061,Baseline
12,P013,Voluntary,Left,1,0.47561000000000003,Baseline
12,P013,Voluntary,Right,1,0.63561,Baseline
12,P013,Voluntary,Left,1,0.89061,Baseline
12,P013,Voluntary,Left,1,0.51061,Baseline
12,P013,Voluntary,Right,1,0.66061,Baseline
12,P013,Voluntary,Left,1,0.93561,Baseline
12,P013,Voluntary,Left,1,0.87061,Baseline
12,P013,Voluntary,Right,1,0.51061,Baseline
12,P013,Voluntary,Left,1,0.7006100000000001,Baseline
12,P013,Voluntary,Right,1,0.93061,Baseline
12,P013,Voluntary,Left,1,0.98061,Baseline
12,P013,Voluntary,Left,0,0.91561,Baseline
12,P013,Voluntary,Left,1,0.72061,Baseline
12,P013,Voluntary,Left,1,0.73061,Baseline
12,P013,Voluntary,Left,1,0.44061,Baseline
12,P013,Voluntary,Left,1,0.80061,Baseline
12,P013,Voluntary,Left,1,0.66561,Baseline
12,P013,Voluntary,Left,1,0.926759,PostTest
12,P013,Voluntary,Left,1,0.586759,PostTest
12,P013,Voluntary,Left,1,0.966759,PostTest
12,P013,Voluntary,Left,1,0.6267590000000001,PostTest
12,P013,Voluntary,Right,1,0.446759,PostTest
12,P013,Voluntary,Left,1,0.906759,PostTest
12,P013,Voluntary,Right,1,0.826759,PostTest
12,P013,Voluntary,Left,1,0.581759,PostTest
12,P013,Voluntary,Right,1,0.541759,PostTest
12,P013,Voluntary,Left,1,0.726759,PostTest
12,P013,Voluntary,Right,1,0.6267590000000001,PostTest
12,P013,Voluntary,Left,1,0.921759,PostTest
12,P013,Voluntary,Left,1,0.771759,PostTest
12,P013,Voluntary,Right,1,0.801759,PostTest
12,P013,Voluntary,Right,1,0.476759,PostTest
12,P013,Voluntary,Left,0,0.571759,PostTest
12,P013,Voluntary,Right,1,0.656759,PostTest
12,P013,Voluntary,Left,0,0.561759,PostTest
12,P013,Voluntary,Right,1,0.926759,PostTest
12,P013,Voluntary,Left,0,0.6217590000000001,PostTest
12,P013,Voluntary,Left,1,0.646759,PostTest
12,P013,Voluntary,Right,1,0.671759,PostTest
12,P013,Voluntary,Right,1,0.526759,PostTest
12,P013,Voluntary,Right,0,0.896759,PostTest
12,P013,Voluntary,Right,1,0.846759,PostTest
12,P013,Voluntary,Left,1,0.646759,PostTest
12,P013,Voluntary,Left,1,0.586759,PostTest
12,P013,Voluntary,Left,0,0.486759,PostTest
12,P013,Voluntary,Left,1,0.541759,PostTest
12,P013,Voluntary,Left,1,0.456759,PostTest
12,P013,Voluntary,Right,1,0.496759,PostTest
12,P013,Voluntary,Right,1,0.586759,PostTest
12,P013,Voluntary,Right,1,0.441759,PostTest
12,P013,Voluntary,Left,1,0.596759,PostTest
13,P014,Voluntary,Right,1,0.8402390000000001,Baseline
13,P014,Voluntary,Left,1,0.8402390000000001,Baseline
13,P014,Voluntary,Left,1,0.805239,Baseline
13,P014,Voluntary,Left,1,0.7202390000000001,Baseline
13,P014,Voluntary,Right,1,0.940239,Baseline
13,P014,Voluntary,Left,1,0.565239,Baseline
13,P014,Voluntary,Right,1,0.570239,Baseline
13,P014,Voluntary,Right,1,0.655239,Baseline
13,P014,Voluntary,Right,1,0.41523899999999997,Baseline
13,P014,Voluntary,Left,0,0.520239,Baseline
13,P014,Voluntary,Right,1,0.8602390000000001,Baseline
13,P014,Voluntary,Right,1,0.525239,Baseline
13,P014,Voluntary,Right,1,0.445239,Baseline
13,P014,Voluntary,Right,0,0.47523899999999997,Baseline
13,P014,Voluntary,Left,1,0.8302390000000001,Baseline
13,P014,Voluntary,Right,1,0.7152390000000001,Baseline
13,P014,Voluntary,Right,1,0.6002390000000001,Baseline
13,P014,Voluntary,Right,1,0.7202390000000001,Baseline
13,P014,Voluntary,Left,1,0.530239,Baseline
13,P014,Voluntary,Left,0,0.625239,Baseline
13,P014,Voluntary,Left,1,0.550239,Baseline
13,P014,Voluntary,Right,1,0.490239,Baseline
13,P014,Voluntary,Right,1,0.675239,Baseline
13,P014,Voluntary,Left,1,0.775239,Baseline
13,P014,Voluntary,Left,1,0.615239,Baseline
13,P014,Voluntary,Left,1,0.755239,Baseline
13,P014,Voluntary,Left,1,0.815239,Baseline
13,P014,Voluntary,Right,1,0.445239,Baseline
13,P014,Voluntary,Right,1,0.820239,Baseline
13,P014,Voluntary,Left,1,0.609008,PostTest
13,P014,Voluntary,Left,1,0.9640080000000001,PostTest
13,P014,Voluntary,Right,0,0.854008,PostTest
13,P014,Voluntary,Right,1,0.794008,PostTest
13,P014,Voluntary,Left,1,0.6840080000000001,PostTest
13,P014,Voluntary,Left,1,0.9440080000000001,PostTest
13,P014,Voluntary,Left,1,0.609008,PostTest
13,P014,Voluntary,Right,1,0.6790080000000001,PostTest
13,P014,Voluntary,Right,1,0.854008,PostTest
13,P014,Voluntary,Right,0,0.5540080000000001,PostTest
13,P014,Voluntary,Right,1,0.9490080000000001,PostTest
13,P014,Voluntary,Right,1,0.5740080000000001,PostTest
13,P014,Voluntary,Left,1,0.44400799999999996,PostTest
13,P014,Voluntary,Left,1,0.854008,PostTest
13,P014,Voluntary,Left,1,0.529008,PostTest
13,P014,Voluntary,Right,1,0.479008,PostTest
13,P014,Voluntary,Right,1,0.504008,PostTest
13,P014,Voluntary,Right,1,0.634008,PostTest
13,P014,Voluntary,Right,1,0.9390080000000001,PostTest
13,P014,Voluntary,Left,1,0.6840080000000001,PostTest
13,P014,Voluntary,Right,1,0.5690080000000001,PostTest
13,P014,Voluntary,Left,1,0.614008,PostTest
13,P014,Voluntary,Right,1,0.44900799999999996,PostTest
13,P014,Voluntary,Left,1,0.764008,PostTest
13,P014,Voluntary,Right,0,0.7090080000000001,PostTest
13,P014,Voluntary,Left,1,0.989008,PostTest
13,P014,Voluntary,Left,1,0.619008,PostTest
14,P015,Voluntary,Left,1,0.809169,Baseline
14,P015,Voluntary,Right,1,0.554169,Baseline
14,P015,Voluntary,Left,1,0.799169,Baseline
14,P015,Voluntary,Right,1,0.599169,Baseline
14,P015,Voluntary,Right,1,0.974169,Baseline
14,P015,Voluntary,Left,0,0.659169,Baseline
14,P015,Voluntary,Right,1,0.5891689999999999,Baseline
14,P015,Voluntary,Left,1,0.664169,Baseline
14,P015,Voluntary,Left,1,0.514169,Baseline
14,P015,Voluntary,Right,1,0.504169,Baseline
14,P015,Voluntary,Left,1,0.659169,Baseline
14,P015,Voluntary,Left,1,0.449169,Baseline
14,P015,Voluntary,Left,1,0.519169,Baseline
14,P015,Voluntary,Left,1,0.5841689999999999,Baseline
14,P015,Voluntary,Right,1,0.679169,Baseline
14,P015,Voluntary,Right,1,0.7091689999999999,Baseline
14,P015,Voluntary,Left,1,0.444169,Baseline
14,P015,Voluntary,Left,1,0.854169,Baseline
14,P015,Voluntary,Right,1,0.43416899999999997,Baseline
14,P015,Voluntary,Left,1,0.879169,Baseline
14,P015,Voluntary,Right,1,0.504169,Baseline
14,P015,Voluntary,Left,1,0.889169,Baseline
14,P015,Voluntary,Left,1,0.629169,Baseline
14,P015,Voluntary,Left,1,0.664169,Baseline
14,P015,Voluntary,Left,1,0.729235,PostTest
14,P015,Voluntary,Right,1,0.744235,PostTest
14,P015,Voluntary,Left,1,0.939235,PostTest
14,P015,Voluntary,Right,1,0.439235,PostTest
14,P015,Voluntary,Left,1,0.999235,PostTest
14,P015,Voluntary,Right,1,0.824235,PostTest
14,P015,Voluntary,Left,1,0.629235,PostTest
14,P015,Voluntary,Right,1,0.444235,PostTest
14,P015,Voluntary,Right,1,0.754235,PostTest
14,P015,Voluntary,Left,1,0.644235,PostTest
14,P015,Voluntary,Left,1,0.889235,PostTest
14,P015,Voluntary,Left,1,0.909235,PostTest
14,P015,Voluntary,Right,1,0.629235,PostTest
14,P015,Voluntary,Right,1,0.669235,PostTest
14,P015,Voluntary,Right,1,0.5842350000000001,PostTest
14,P015,Voluntary,Right,1,0.534235,PostTest
14,P015,Voluntary,Right,0,0.444235,PostTest
14,P015,Voluntary,Left,1,0.454235,PostTest
14,P015,Voluntary,Right,1,0.624235,PostTest
14,P015,Voluntary,Left,1,0.394235,PostTest
14,P015,Voluntary,Left,1,0.409235,PostTest
14,P015,Voluntary,Left,1,0.759235,PostTest
14,P015,Voluntary,Right,1,0.984235,PostTest
14,P015,Voluntary,Left,1,0.484235,PostTest
14,P015,Voluntary,Left,1,0.799235,PostTest
14,P015,Voluntary,Right,0,0.559235,PostTest
14,P015,Voluntary,Right,1,0.574235,PostTest
14,P015,Voluntary,Right,1,0.8442350000000001,PostTest
14,P015,Voluntary,Left,0,0.554235,PostTest
14,P015,Voluntary,Right,1,0.609235,PostTest
14,P015,Voluntary,Left,1,0.774235,PostTest
14,P015,Voluntary,Left,1,0.529235,PostTest
15,P016,Voluntary,Right,1,0.547065,Baseline
15,P016,Voluntary,Left,1,0.462065,Baseline
15,P016,Voluntary,Right,1,0.537065,Baseline
15,P016,Voluntary,Left,1,0.502065,Baseline
15,P016,Voluntary,Right,1,0.9970650000000001,Baseline
15,P016,Voluntary,Right,1,0.537065,Baseline
15,P016,Voluntary,Right,1,0.6220650000000001,Baseline
15,P016,Voluntary,Right,1,0.957065,Baseline
15,P016,Voluntary,Right,1,0.8520650000000001,Baseline
15,P016,Voluntary,Right,0,0.697065,Baseline
15,P016,Voluntary,Right,1,0.937065,Baseline
15,P016,Voluntary,Left,1,0.7620650000000001,Baseline
15,P016,Voluntary,Right,1,0.537065,Baseline
15,P016,Voluntary,Left,1,0.462065,Baseline
15,P016,Voluntary,Right,1,0.7620650000000001,Baseline
15,P016,Voluntary,Right,1,0.537065,Baseline
15,P016,Voluntary,Right,1,0.8770650000000001,Baseline
15,P016,Voluntary,Right,1,0.6420650000000001,Baseline
15,P016,Voluntary,Right,1,0.922065,Baseline
15,P016,Voluntary,Left,1,0.462065,Baseline
15,P016,Voluntary,Left,1,0.5920650000000001,Baseline
15,P016,Voluntary,Left,1,0.797065,Baseline
15,P016,Voluntary,Right,1,0.667065,Baseline
15,P016,Voluntary,Left,1,0.782065,Baseline
15,P016,Voluntary,Right,1,0.817065,Baseline
15,P016,Voluntary,Right,1,0.552065,Baseline
15,P016,Voluntary,Left,1,0.5970650000000001,Baseline
15,P016,Voluntary,Right,1,0.822065,Baseline
15,P016,Voluntary,Left,1,0.557065,Baseline
15,P016,Voluntary,Right,1,0.922065,Baseline
15,P016,Voluntary,Right,1,0.777065,Baseline
15,P016,Voluntary,Right,1,0.439064,PostTest
15,P016,Voluntary,Right,1,0.654064,PostTest
15,P016,Voluntary,Right,1,0.684064,PostTest
15,P016,Voluntary,Left,1,0.444064,PostTest
15,P016,Voluntary,Right,0,0.46406400000000003,PostTest
15,P016,Voluntary,Right,1,0.529064,PostTest
15,P016,Voluntary,Left,1,0.799064,PostTest
15,P016,Voluntary,Left,1,0.5790639999999999,PostTest
15,P016,Voluntary,Left,1,0.814064,PostTest
15,P016,Voluntary,Left,1,0.534064,PostTest
15,P016,Voluntary,Right,1,0.6090639999999999,PostTest
15,P016,Voluntary,Left,1,0.8440639999999999,PostTest
15,P016,Voluntary,Right,1,0.669064,PostTest
15,P016,Voluntary,Right,1,0.6090639999999999,PostTest
15,P016,Voluntary,Left,1,0.8640639999999999,PostTest
15,P016,Voluntary,Left,1,0.659064,PostTest
15,P016,Voluntary,Right,1,0.7240639999999999,PostTest
15,P016,Voluntary,Left,0,0.684064,PostTest
15,P016,Voluntary,Right,1,0.534064,PostTest
15,P016,Voluntary,Left,1,0.454064,PostTest
15,P016,Voluntary,Left,1,0.929064,PostTest
15,P016,Voluntary,Right,0,0.774064,PostTest
15,P016,Voluntary,Right,1,0.9690639999999999,PostTest
15,P016,Voluntary,Right,1,0.524064,PostTest
15,P016,Voluntary,Left,1,0.6140639999999999,PostTest
15,P016,Voluntary,Left,1,0.9590639999999999,PostTest
15,P016,Voluntary,Left,1,0.47906400000000005,PostTest
15,P016,Voluntary,Left,1,0.459064,PostTest
15,P016,Voluntary,Right,1,0.649064,PostTest
15,P016,Voluntary,Left,1,0.7040639999999999,PostTest
15,P016,Voluntary,Right,1,0.764064,PostTest
15,P016,Voluntary,Right,1,0.8490639999999999,PostTest
15,P016,Voluntary,Left,1,0.499064,PostTest
15,P016,Voluntary,Right,1,0.534064,PostTest
15,P016,Voluntary,Right,1,0.8290639999999999,PostTest
15,P016,Voluntary,Left,1,0.999064,PostTest
16,P017,Voluntary,Left,0,0.578061,Baseline
16,P017,Voluntary,Right,1,0.668061,Baseline
16,P017,Voluntary,Right,1,0.698061,Baseline
16,P017,Voluntary,Right,1,0.823061,Baseline
16,P017,Voluntary,Right,1,0.468061,Baseline
16,P017,Voluntary,Left,0,0.6130610000000001,Baseline
16,P017,Voluntary,Right,1,0.778061,Baseline
16,P017,Voluntary,Left,1,0.448061,Baseline
16,P017,Voluntary,Left,1,0.583061,Baseline
16,P017,Voluntary,Right,0,0.7380610000000001,Baseline
16,P017,Voluntary,Left,1,0.513061,Baseline
16,P017,Voluntary,Right,1,0.7230610000000001,Baseline
16,P017,Voluntary,Left,1,0.9830610000000001,Baseline
16,P017,Voluntary,Left,1,0.908061,Baseline
16,P017,Voluntary,Right,1,0.643061,Baseline
16,P017,Voluntary,Left,1,0.928061,Baseline
16,P017,Voluntary,Left,1,0.7280610000000001,Baseline
16,P017,Voluntary,Left,1,0.548061,Baseline
16,P017,Voluntary,Left,1,0.903061,Baseline
16,P017,Voluntary,Right,0,0.938061,Baseline
16,P017,Voluntary,Right,1,0.538061,Baseline
16,P017,Voluntary,Left,1,0.6230610000000001,Baseline
16,P017,Voluntary,Left,1,0.653061,Baseline
16,P017,Voluntary,Left,1,0.5930610000000001,Baseline
16,P017,Voluntary,Left,1,0.803061,Baseline
16,P017,Voluntary,Left,1,0.8430610000000001,Baseline
16,P017,Voluntary,Right,1,0.7480610000000001,Baseline
16,P017,Voluntary,Left,1,0.8430610000000001,Baseline
16,P017,Voluntary,Right,1,0.6230610000000001,Baseline
16,P017,Voluntary,Right,1,0.533061,Baseline
16,P017,Voluntary,Right,1,0.7430610000000001,Baseline
16,P017,Voluntary,Right,1,0.833061,Baseline
16,P017,Voluntary,Left,1,0.42806099999999997,Baseline
16,P017,Voluntary,Right,1,0.5880610000000001,Baseline
16,P017,Voluntary,Right,1,0.898061,Baseline
16,P017,Voluntary,Right,1,0.628061,Baseline
16,P017,Voluntary,Right,1,0.579635,PostTest
16,P017,Voluntary,Left,0,0.739635,PostTest
16,P017,Voluntary,Right,0,0.799635,PostTest
16,P017,Voluntary,Right,1,0.574635,PostTest
16,P017,Voluntary,Right,1,0.424635,PostTest
16,P017,Voluntary,Right,1,0.844635,PostTest
16,P017,Voluntary,Left,1,0.594635,PostTest
16,P017,Voluntary,Left,1,0.984635,PostTest
16,P017,Voluntary,Left,0,0.504635,PostTest
16,P017,Voluntary,Right,1,0.579635,PostTest
16,P017,Voluntary,Left,1,0.694635,PostTest
16,P017,Voluntary,Left,1,0.739635,PostTest
16,P017,Voluntary,Right,1,0.844635,PostTest
16,P017,Voluntary,Right,1,0.594635,PostTest
16,P017,Voluntary,Right,1,0.539635,PostTest
16,P017,Voluntary,Left,1,0.964635,PostTest
16,P017,Voluntary,Right,1,0.434635,PostTest
16,P017,Voluntary,Right,1,0.6196349999999999,PostTest
16,P017,Voluntary,Left,1,0.514635,PostTest
16,P017,Voluntary,Left,1,0.494635,PostTest
16,P017,Voluntary,Right,1,0.514635,PostTest
16,P017,Voluntary,Right,1,0.724635,PostTest
16,P017,Voluntary,Left,1,0.579635,PostTest
16,P017,Voluntary,Left,1,0.394635,PostTest
16,P017,Voluntary,Left,1,0.859635,PostTest
16,P017,Voluntary,Left,1,0.789635,PostTest
16,P017,Voluntary,Left,1,0.734635,PostTest
16,P017,Voluntary,Left,1,0.794635,PostTest
16,P017,Voluntary,Right,1,0.679635,PostTest
16,P017,Voluntary,Left,1,0.754635,PostTest
16,P017,Voluntary,Left,1,0.794635,PostTest
16,P017,Voluntary,Right,1,0.924635,PostTest
16,P017,Voluntary,Right,1,0.509635,PostTest
17,P018,Voluntary,Left,0,0.540532,Baseline
17,P018,Voluntary,Left,1,0.455532,Baseline
17,P018,Voluntary,Right,1,0.43053199999999997,Baseline
17,P018,Voluntary,Right,1,0.390532,Baseline
17,P018,Voluntary,Left,1,0.910532,Baseline
17,P018,Voluntary,Right,1,0.585532,Baseline
17,P018,Voluntary,Left,1,0.770532,Baseline
17,P018,Voluntary,Left,0,0.650532,Baseline
17,P018,Voluntary,Right,1,0.680532,Baseline
17,P018,Voluntary,Right,1,0.445532,Baseline
17,P018,Voluntary,Right,0,0.6005320000000001,Baseline
17,P018,Voluntary,Right,1,0.805532,Baseline
17,P018,Voluntary,Right,1,0.695532,Baseline
17,P018,Voluntary,Left,0,0.815532,Baseline
17,P018,Voluntary,Right,1,0.960532,Baseline
17,P018,Voluntary,Right,1,0.455532,Baseline
17,P018,Voluntary,Left,1,0.830532,Baseline
17,P018,Voluntary,Right,1,0.8505320000000001,Baseline
17,P018,Voluntary,Right,1,0.9705320000000001,Baseline
17,P018,Voluntary,Left,1,0.555532,Baseline
17,P018,Voluntary,Right,1,0.830532,Baseline
17,P018,Voluntary,Left,1,0.6255320000000001,Baseline
17,P018,Voluntary,Left,1,0.640532,Baseline
17,P018,Voluntary,Right,1,0.505532,Baseline
17,P018,Voluntary,Left,1,0.9805320000000001,Baseline
17,P018,Voluntary,Right,1,0.470532,Baseline
17,P018,Voluntary,Right,1,0.9805320000000001,Baseline
17,P018,Voluntary,Right,1,0.390532,Baseline
17,P018,Voluntary,Right,1,0.450532,Baseline
17,P018,Voluntary,Left,1,0.690532,Baseline
17,P018,Voluntary,Left,1,0.665532,Baseline
17,P018,Voluntary,Right,1,0.42053199999999996,Baseline
17,P018,Voluntary,Right,1,0.815532,Baseline
17,P018,Voluntary,Right,1,0.569272,PostTest
17,P018,Voluntary,Right,1,0.749272,PostTest
17,P018,Voluntary,Right,1,0.624272,PostTest
17,P018,Voluntary,Right,1,0.499272,PostTest
17,P018,Voluntary,Right,1,0.9342720000000001,PostTest
17,P018,Voluntary,Right,1,0.439272,PostTest
17,P018,Voluntary,Right,0,0.449272,PostTest
17,P018,Voluntary,Right,1,0.734272,PostTest
17,P018,Voluntary,Left,1,0.46927199999999997,PostTest
17,P018,Voluntary,Left,1,0.7942720000000001,PostTest
17,P018,Voluntary,Left,1,0.494272,PostTest
17,P018,Voluntary,Right,1,0.7742720000000001,PostTest
17,P018,Voluntary,Right,1,0.7692720000000001,PostTest
17,P018,Voluntary,Left,1,0.8992720000000001,PostTest
17,P018,Voluntary,Left,1,0.5392720000000001,PostTest
17,P018,Voluntary,Right,1,0.5242720000000001,PostTest
17,P018,Voluntary,Right,0,0.6542720000000001,PostTest
17,P018,Voluntary,Left,1,0.7642720000000001,PostTest
17,P018,Voluntary,Right,1,0.829272,PostTest
17,P018,Voluntary,Left,1,0.694272,PostTest
17,P018,Voluntary,Right,1,0.494272,PostTest
17,P018,Voluntary,Left,1,0.5142720000000001,PostTest
17,P018,Voluntary,Left,0,0.5042719999999999,PostTest
17,P018,Voluntary,Right,0,0.629272,PostTest
17,P018,Voluntary,Left,1,0.579272,PostTest
17,P018,Voluntary,Right,1,0.5592720000000001,PostTest
17,P018,Voluntary,Left,1,0.844272,PostTest
17,P018,Voluntary,Right,1,0.439272,PostTest
17,P018,Voluntary,Right,1,0.7692720000000001,PostTest
17,P018,Voluntary,Right,1,0.8092720000000001,PostTest
17,P018,Voluntary,Right,1,0.709272,PostTest
17,P018,Voluntary,Right,1,0.509272,PostTest
18,P019,Voluntary,Right,1,0.48451900000000003,Baseline
18,P019,Voluntary,Left,1,0.934519,Baseline
18,P019,Voluntary,Left,1,0.609519,Baseline
18,P019,Voluntary,Right,1,0.454519,Baseline
18,P019,Voluntary,Left,0,0.554519,Baseline
18,P019,Voluntary,Left,1,0.609519,Baseline
18,P019,Voluntary,Right,1,0.454519,Baseline
18,P019,Voluntary,Left,1,0.834519,Baseline
18,P019,Voluntary,Left,1,0.7645190000000001,Baseline
18,P019,Voluntary,Right,1,0.979519,Baseline
18,P019,Voluntary,Left,1,0.684519,Baseline
18,P019,Voluntary,Right,1,0.689519,Baseline
18,P019,Voluntary,Right,1,0.534519,Baseline
18,P019,Voluntary,Right,1,0.909519,Baseline
18,P019,Voluntary,Left,1,0.644519,Baseline
18,P019,Voluntary,Left,1,0.869519,Baseline
18,P019,Voluntary,Right,1,0.589519,Baseline
18,P019,Voluntary,Right,1,0.579519,Baseline
18,P019,Voluntary,Left,1,0.604519,Baseline
18,P019,Voluntary,Right,0,0.794519,Baseline
18,P019,Voluntary,Left,0,0.679519,Baseline
18,P019,Voluntary,Right,1,0.509519,Baseline
18,P019,Voluntary,Left,1,0.429519,Baseline
18,P019,Voluntary,Left,1,0.624519,Baseline
18,P019,Voluntary,Left,1,0.499519,Baseline
18,P019,Voluntary,Right,1,0.669519,Baseline
18,P019,Voluntary,Right,1,0.589519,Baseline
18,P019,Voluntary,Right,1,0.789519,Baseline
18,P019,Voluntary,Right,1,0.799519,Baseline
18,P019,Voluntary,Right,1,0.589519,Baseline
18,P019,Voluntary,Right,1,0.454519,Baseline
18,P019,Voluntary,Left,1,0.789519,Baseline
18,P019,Voluntary,Left,1,0.489519,Baseline
18,P019,Voluntary,Left,1,0.450985,PostTest
18,P019,Voluntary,Left,1,0.570985,PostTest
18,P019,Voluntary,Left,1,0.430985,PostTest
18,P019,Voluntary,Left,1,0.5609850000000001,PostTest
18,P019,Voluntary,Right,1,0.765985,PostTest
18,P019,Voluntary,Left,1,0.895985,PostTest
18,P019,Voluntary,Left,1,0.450985,PostTest
18,P019,Voluntary,Left,1,0.770985,PostTest
18,P019,Voluntary,Left,1,0.860985,PostTest
18,P019,Voluntary,Right,1,0.5509850000000001,PostTest
18,P019,Voluntary,Right,1,0.825985,PostTest
18,P019,Voluntary,Left,1,0.745985,PostTest
18,P019,Voluntary,Right,1,0.575985,PostTest
18,P019,Voluntary,Left,1,0.585985,PostTest
18,P019,Voluntary,Left,1,0.445985,PostTest
18,P019,Voluntary,Right,1,0.410985,PostTest
18,P019,Voluntary,Left,1,0.5609850000000001,PostTest
18,P019,Voluntary,Left,1,0.5559850000000001,PostTest
18,P019,Voluntary,Left,1,0.840985,PostTest
18,P019,Voluntary,Left,1,0.700985,PostTest
18,P019,Voluntary,Left,1,0.535985,PostTest
18,P019,Voluntary,Right,1,0.515985,PostTest
18,P019,Voluntary,Left,0,0.690985,PostTest
18,P019,Voluntary,Left,1,0.505985,PostTest
18,P019,Voluntary,Left,1,0.815985,PostTest
18,P019,Voluntary,Right,1,0.635985,PostTest
18,P019,Voluntary,Left,1,0.635985,PostTest
18,P019,Voluntary,Left,1,0.875985,PostTest
19,P020,Voluntary,Left,1,0.451621,Baseline
19,P020,Voluntary,Right,1,0.646621,Baseline
19,P020,Voluntary,Left,1,0.441621,Baseline
19,P020,Voluntary,Right,1,0.666621,Baseline
19,P020,Voluntary,Left,1,0.541621,Baseline
19,P020,Voluntary,Right,1,0.751621,Baseline
19,P020,Voluntary,Right,1,0.591621,Baseline
19,P020,Voluntary,Left,1,0.761621,Baseline
19,P020,Voluntary,Left,1,0.756621,Baseline
19,P020,Voluntary,Left,1,0.496621,Baseline
19,P020,Voluntary,Left,1,0.716621,Baseline
19,P020,Voluntary,Left,1,0.756621,Baseline
19,P020,Voluntary,Left,1,0.461621,Baseline
19,P020,Voluntary,Left,1,0.841621,Baseline
19,P020,Voluntary,Left,0,0.531621,Baseline
19,P020,Voluntary,Right,1,0.496621,Baseline
19,P020,Voluntary,Left,1,0.5816209999999999,Baseline
19,P020,Voluntary,Left,1,0.491621,Baseline
19,P020,Voluntary,Right,1,0.7066209999999999,Baseline
19,P020,Voluntary,Left,1,0.521621,Baseline
19,P020,Voluntary,Right,1,0.621621,Baseline
19,P020,Voluntary,Left,1,0.436621,Baseline
19,P020,Voluntary,Left,1,0.40662099999999995,Baseline
19,P020,Voluntary,Right,1,0.711621,Baseline
19,P020,Voluntary,Right,1,0.871621,Baseline
19,P020,Voluntary,Right,1,0.47162099999999996,Baseline
19,P020,Voluntary,Right,1,0.5716209999999999,Baseline
19,P020,Voluntary,Left,1,0.791621,Baseline
19,P020,Voluntary,Right,1,0.6866209999999999,Baseline
19,P020,Voluntary,Right,1,0.8116209999999999,Baseline
19,P020,Voluntary,Right,1,0.47162099999999996,Baseline
19,P020,Voluntary,Right,1,0.636621,Baseline
19,P020,Voluntary,Right,1,0.901621,Baseline
19,P020,Voluntary,Left,1,0.816209,PostTest
19,P020,Voluntary,Left,0,0.6212089999999999,PostTest
19,P020,Voluntary,Left,1,0.571209,PostTest
19,P020,Voluntary,Right,1,0.506209,PostTest
19,P020,Voluntary,Right,1,0.601209,PostTest
19,P020,Voluntary,Right,1,0.681209,PostTest
19,P020,Voluntary,Right,1,0.826209,PostTest
19,P020,Voluntary,Left,1,0.6262089999999999,PostTest
19,P020,Voluntary,Right,0,0.5362089999999999,PostTest
19,P020,Voluntary,Right,1,0.556209,PostTest
19,P020,Voluntary,Left,1,0.5362089999999999,PostTest
19,P020,Voluntary,Left,1,0.691209,PostTest
19,P020,Voluntary,Right,1,0.981209,PostTest
19,P020,Voluntary,Left,1,0.5412089999999999,PostTest
19,P020,Voluntary,Right,1,0.461209,PostTest
19,P020,Voluntary,Right,1,0.7662089999999999,PostTest
19,P020,Voluntary,Right,1,0.6412089999999999,PostTest
19,P020,Voluntary,Right,1,0.6112089999999999,PostTest
19,P020,Voluntary,Left,1,0.486209,PostTest
19,P020,Voluntary,Right,1,0.5262089999999999,PostTest
19,P020,Voluntary,Right,1,0.851209,PostTest
19,P020,Voluntary,Left,1,0.951209,PostTest
19,P020,Voluntary,Right,0,0.476209,PostTest
19,P020,Voluntary,Left,1,0.711209,PostTest
19,P020,Voluntary,Right,1,0.8812089999999999,PostTest
19,P020,Voluntary,Left,1,0.6212089999999999,PostTest
19,P020,Voluntary,Right,1,0.451209,PostTest
19,P020,Voluntary,Right,1,0.7412089999999999,PostTest
